[
  {
    "id" : "ExampleCompositionSectionsCS",
    "type" : "CodeSystem",
    "url" : "http://example.org/CodeSystem/ExampleCompositionSectionsCS",
    "version" : "0.1.0",
    "name" : "ExampleCompositionSectionsCS"
  },
  {
    "id" : "fhir.example",
    "type" : "ImplementationGuide",
    "url" : "http://example.org/ImplementationGuide/fhir.example",
    "version" : "0.1.0",
    "name" : "ExampleIG"
  },
  {
    "id" : "ExampleComposition",
    "type" : "StructureDefinition",
    "url" : "http://example.org/StructureDefinition/ExampleComposition",
    "version" : "0.1.0",
    "name" : "ExampleComposition"
  },
  {
    "id" : "MyPatient",
    "type" : "StructureDefinition",
    "url" : "http://example.org/StructureDefinition/MyPatient",
    "version" : "0.1.0",
    "name" : "MyPatient"
  },
  {
    "id" : "ExampleCompositionSectionsVS",
    "type" : "ValueSet",
    "url" : "http://example.org/ValueSet/ExampleCompositionSectionsVS",
    "version" : "0.1.0",
    "name" : "ExampleCompositionSectionsVS"
  }
]
