<?xml version="1.0" encoding="UTF-8"?><CodeSystem xmlns="http://hl7.org/fhir"><id value="ExampleCompositionSectionsCS"/><text><status value="generated"/><div xmlns="http://www.w3.org/1999/xhtml"><p class="res-header-id"><b>Generated Narrative: CodeSystem ExampleCompositionSectionsCS</b></p><a name="ExampleCompositionSectionsCS"> </a><a name="hcExampleCompositionSectionsCS"> </a><p>This case-sensitive code system <code>http://example.org/CodeSystem/ExampleCompositionSectionsCS</code> defines the following codes:</p><table class="codes"><tr><td style="white-space:nowrap"><b>Code</b></td><td><b>Display</b></td></tr><tr><td style="white-space:nowrap">Section1<a name="ExampleCompositionSectionsCS-Section1"> </a></td><td>Section 1</td></tr><tr><td style="white-space:nowrap">Section2<a name="ExampleCompositionSectionsCS-Section2"> </a></td><td>Section 2</td></tr><tr><td style="white-space:nowrap">Section3<a name="ExampleCompositionSectionsCS-Section3"> </a></td><td>Section 3</td></tr></table></div></text><url value="http://example.org/CodeSystem/ExampleCompositionSectionsCS"/><version value="0.1.0"/><name value="ExampleCompositionSectionsCS"/><title value="Composition Sections"/><status value="draft"/><experimental value="true"/><date value="2025-12-15T11:10:46+01:00"/><publisher value="Example Publisher"/><contact><name value="Example Publisher"/><telecom><system value="url"/><value value="http://example.org/example-publisher"/></telecom></contact><description value="Composition Sections"/><caseSensitive value="true"/><content value="complete"/><count value="3"/><concept><code value="Section1"/><display value="Section 1"/><designation><use><system value="http://terminology.hl7.org/CodeSystem/hl7TermMaintInfra"/><code value="preferredForLanguage"/></use><value value="Section 1"/></designation></concept><concept><code value="Section2"/><display value="Section 2"/><designation><use><system value="http://terminology.hl7.org/CodeSystem/hl7TermMaintInfra"/><code value="preferredForLanguage"/></use><value value="Section 2"/></designation></concept><concept><code value="Section3"/><display value="Section 3"/><designation><use><system value="http://terminology.hl7.org/CodeSystem/hl7TermMaintInfra"/><code value="preferredForLanguage"/></use><value value="Section 3"/></designation></concept></CodeSystem>