<?xml version="1.0" encoding="UTF-8"?>

<Composition xmlns="http://hl7.org/fhir">
  <id value="ExampleComposition1"/>
  <meta>
    <profile value="http://example.org/StructureDefinition/ExampleComposition"/>
  </meta>
  <text>
    <status value="generated"/><div xmlns="http://www.w3.org/1999/xhtml"><p class="res-header-id"><b>Generated Narrative: Composition ExampleComposition1</b></p><a name="ExampleComposition1"> </a><a name="hcExampleComposition1"> </a><div style="display: inline-block; background-color: #d9e0e7; padding: 6px; margin: 4px; border: 1px solid #8da1b4; border-radius: 5px; line-height: 60%"><p style="margin-bottom: 0px"/><p style="margin-bottom: 0px">Profile: <a href="StructureDefinition-ExampleComposition.html">Example Composition</a></p></div><p><b>status</b>: Final</p><p><b>type</b>: <span title="Codes:{http://loinc.org 60591-5}">Patient summary Document</span></p><p><b>date</b>: 2025-09-09</p><p><b>author</b>: <a href="Patient-PatientExample.html">James Pond  (no stated gender), DoB Unknown</a></p><p><b>title</b>: Test</p></div>
  </text>
  <status value="final"/>
  <type>
    <coding>
      <system value="http://loinc.org"/>
      <code value="60591-5"/>
    </coding>
  </type>
  <date value="2025-09-09"/>
  <author>
    <reference value="Patient/PatientExample"/>
  </author>
  <title value="Test"/>
  <section>
    <code>
      <coding>
        <system value="http://example.org/CodeSystem/ExampleCompositionSectionsCS"/>
        <code value="Section1"/>
      </coding>
    </code>
    <text>
      <status value="generated"/><div xmlns="http://www.w3.org/1999/xhtml">test</div>
    </text>
  </section>
  <section>
    <code>
      <coding>
        <system value="http://example.org/CodeSystem/ExampleCompositionSectionsCS"/>
        <code value="Section2"/>
      </coding>
    </code>
    <text>
      <status value="generated"/><div xmlns="http://www.w3.org/1999/xhtml">test</div>
    </text>
  </section>
  <section>
    <code>
      <coding>
        <system value="http://example.org/CodeSystem/ExampleCompositionSectionsCS"/>
        <code value="Section3"/>
      </coding>
    </code>
    <text>
      <status value="generated"/><div xmlns="http://www.w3.org/1999/xhtml">test</div>
    </text>
  </section>
</Composition>